question,setup,repeat,start_utc,end_utc,answer_items,truth_items,cost_usd_api_rate,duration_s,api_requests,input_tokens,cache_write_tokens,cache_read_tokens,output_tokens,graph_calls,read_calls,grep_calls,glob_calls
Q1,baseline,3,2026-09-14T20:36:06Z,2026-09-14T20:37:09Z,22,30,0.5844,61.4,7,194,33090,250412,5049,0,10,5,0
Q1,baseline,4,2026-09-14T20:40:45Z,2026-09-14T20:42:01Z,22,30,0.6211,75.4,7,194,32459,271263,6353,0,9,7,0
Q1,baseline,5,2026-09-14T20:45:17Z,2026-09-14T20:46:22Z,22,30,0.6705,64.1,7,194,40176,283871,4989,0,9,4,0
Q1,baseline,6,2026-09-14T20:49:53Z,2026-09-14T20:50:55Z,22,30,0.564,61.5,6,162,32325,216404,5226,0,9,4,0
Q1,codegraph,3,2026-09-14T20:38:14Z,2026-09-14T20:39:10Z,21,30,0.5034,54.8,4,98,30843,152130,4694,1,7,2,0
Q1,codegraph,4,2026-09-14T20:42:38Z,2026-09-14T20:43:35Z,22,30,0.5163,55.7,6,162,26484,283105,4319,1,7,3,0
Q1,codegraph,5,2026-09-14T20:47:25Z,2026-09-14T20:48:25Z,22,30,0.6182,58.5,6,162,36279,269933,4739,1,6,4,0
Q1,codegraph,6,2026-09-14T20:52:02Z,2026-09-14T20:53:10Z,22,30,0.5816,67.7,6,162,31072,260584,5546,1,10,4,0
Q1,code-review-graph,3,2026-09-14T20:37:36Z,2026-09-14T20:38:29Z,22,30,0.5253,51.3,5,130,27483,278053,4385,3,7,3,0
Q1,code-review-graph,4,2026-09-14T20:42:19Z,2026-09-14T20:43:19Z,22,30,0.5828,57.8,5,130,31353,284003,5020,5,7,2,0
Q1,code-review-graph,5,2026-09-14T20:46:22Z,2026-09-14T20:47:37Z,22,30,0.7407,71.9,6,162,41198,344539,6180,9,10,3,0
Q1,code-review-graph,6,2026-09-14T20:51:39Z,2026-09-14T20:52:39Z,22,30,0.5833,57.9,6,162,28584,343479,4949,5,7,3,0
Q2,baseline,3,2026-09-14T20:34:54Z,2026-09-14T20:36:06Z,14,14,0.6683,71.9,8,226,34027,331919,6393,0,5,13,0
Q2,baseline,4,2026-09-14T20:39:23Z,2026-09-14T20:40:45Z,14,14,0.6052,81.0,7,194,27767,283580,7349,0,5,16,0
Q2,baseline,5,2026-09-14T20:44:09Z,2026-09-14T20:45:17Z,14,14,0.6906,67.5,7,194,37639,334043,5804,0,4,11,0
Q2,baseline,6,2026-09-14T20:48:37Z,2026-09-14T20:49:53Z,14,14,0.6244,74.7,8,226,28740,335638,6680,0,7,12,0
Q2,codegraph,3,2026-09-14T20:35:01Z,2026-09-14T20:36:20Z,14,14,0.6309,77.3,8,226,28776,350945,6615,1,7,9,0
Q2,codegraph,4,2026-09-14T20:39:55Z,2026-09-14T20:41:08Z,14,14,0.5735,71.7,7,194,26549,292542,6386,1,6,12,0
Q2,codegraph,5,2026-09-14T20:44:41Z,2026-09-14T20:45:52Z,14,14,0.5817,68.9,8,226,25781,340389,6057,1,4,12,0
Q2,codegraph,6,2026-09-14T20:49:16Z,2026-09-14T20:50:42Z,14,14,0.5922,84.3,8,226,22391,360665,7429,1,8,10,0
Q2,code-review-graph,3,2026-09-14T20:35:01Z,2026-09-14T20:36:21Z,14,14,0.6951,76.9,7,194,31759,410544,6803,8,4,10,0
Q2,code-review-graph,4,2026-09-14T20:39:32Z,2026-09-14T20:41:00Z,14,14,0.8227,85.9,7,194,42095,413724,7712,9,6,8,0
Q2,code-review-graph,5,2026-09-14T20:44:09Z,2026-09-14T20:45:24Z,14,14,0.6278,72.4,6,162,29539,335487,6507,3,4,12,0
Q2,code-review-graph,6,2026-09-14T20:48:35Z,2026-09-14T20:50:00Z,14,14,0.672,82.6,6,162,31506,335631,7486,5,5,10,0
Q3,baseline,3,2026-09-14T20:34:02Z,2026-09-14T20:34:54Z,8,8,0.9021,50.5,5,130,70617,186070,4050,0,10,4,0
Q3,baseline,4,2026-09-14T20:37:59Z,2026-09-14T20:39:23Z,8,8,0.8743,83.6,6,162,55007,287452,7145,0,20,8,0
Q3,baseline,5,2026-09-14T20:42:59Z,2026-09-14T20:44:09Z,8,8,0.7191,68.6,6,162,45042,269074,5294,0,8,9,0
Q3,baseline,6,2026-09-14T20:47:13Z,2026-09-14T20:48:37Z,8,8,0.8202,83.5,6,162,50176,277613,7111,0,23,9,0
Q3,codegraph,3,2026-09-14T20:36:20Z,2026-09-14T20:38:14Z,8,8,1.2079,112.2,8,226,73272,469057,9540,1,26,4,0
Q3,codegraph,4,2026-09-14T20:41:08Z,2026-09-14T20:42:38Z,8,8,0.9888,89.2,9,258,55998,500244,7055,1,9,7,0
Q3,codegraph,5,2026-09-14T20:45:52Z,2026-09-14T20:47:25Z,8,8,1.0121,91.9,10,290,51831,604410,7564,1,20,6,0
Q3,codegraph,6,2026-09-14T20:50:42Z,2026-09-14T20:52:02Z,8,8,0.8944,78.4,7,194,55426,351665,6490,1,20,3,0
Q3,code-review-graph,3,2026-09-14T20:36:21Z,2026-09-14T20:37:36Z,8,8,1.3768,71.7,6,162,100433,459497,5634,1,13,4,0
Q3,code-review-graph,4,2026-09-14T20:41:00Z,2026-09-14T20:42:19Z,8,8,1.0791,77.0,6,162,69612,454849,6145,1,14,3,0
Q3,code-review-graph,5,2026-09-14T20:45:24Z,2026-09-14T20:46:22Z,8,8,0.7722,56.2,5,130,49114,331527,4542,1,12,3,0
Q3,code-review-graph,6,2026-09-14T20:50:00Z,2026-09-14T20:51:39Z,8,8,1.0762,96.7,6,162,64504,438773,8396,1,26,4,0
Q4,baseline,3,2026-09-14T20:37:09Z,2026-09-14T20:37:59Z,4,4,0.3623,49.2,4,98,19550,116686,4274,0,1,8,1
Q4,baseline,4,2026-09-14T20:42:01Z,2026-09-14T20:42:59Z,4,4,0.3922,57.3,4,98,21023,127895,4656,0,4,4,1
Q4,baseline,5,2026-09-14T20:46:22Z,2026-09-14T20:47:13Z,4,4,0.2377,49.8,4,98,6861,120341,4294,0,0,11,1
Q4,baseline,6,2026-09-14T20:50:56Z,2026-09-14T20:51:50Z,4,4,0.3078,53.3,4,98,13729,121357,4331,0,1,4,1
Q4,codegraph,3,2026-09-14T20:34:11Z,2026-09-14T20:35:01Z,4,4,0.4784,49.7,5,130,27920,198210,3931,1,4,5,1
Q4,codegraph,4,2026-09-14T20:39:10Z,2026-09-14T20:39:55Z,4,4,0.294,44.4,4,98,13140,142802,3583,1,0,3,1
Q4,codegraph,5,2026-09-14T20:43:35Z,2026-09-14T20:44:41Z,4,4,0.5601,65.5,5,130,33014,188561,5356,1,3,7,2
Q4,codegraph,6,2026-09-14T20:48:25Z,2026-09-14T20:49:16Z,4,4,0.6681,50.3,6,162,46944,198243,3904,1,0,5,2
Q4,code-review-graph,3,2026-09-14T20:34:06Z,2026-09-14T20:35:01Z,4,4,0.4852,52.6,6,162,22871,296271,4255,4,3,6,0
Q4,code-review-graph,4,2026-09-14T20:38:29Z,2026-09-14T20:39:32Z,4,4,0.539,59.7,5,130,28947,252327,4863,2,6,4,0
Q4,code-review-graph,5,2026-09-14T20:43:19Z,2026-09-14T20:44:09Z,4,4,0.4639,47.8,5,130,23675,253817,3936,2,4,4,0
Q4,code-review-graph,6,2026-09-14T20:47:37Z,2026-09-14T20:48:35Z,4,4,0.5125,56.4,5,130,27271,241344,4690,2,6,4,1
